order_id,customer,product,category,quantity,unit_price,total_amount,region,sale_date,promo_code
ORD0001,Customer 1,Item1,Toys,6,284.62,1707.72,North,2026-03-03,SUMMER
ORD0002,Customer 2,Item2,Electronics,2,112.88,225.76,South,2026-03-02,SUMMER
,Customer 3,Item3,Electronics,2,132.93,265.86,South,2026-03-03,
ORD0004,Customer 4,Item4,Grocery,7,22.44,157.08,North,2026-03-08,SUMMER
ORD0005,Customer 5,Item5,Toys,1,175.25,175.25,North,2026-03-08,SUMMER
ORD0006,Customer 6,Item6,Apparel,1,169.22,169.22,East,2026-03-14,
ORD0007,Customer 7,Item7,Grocery,3,164.5,493.5,East,2026-03-18,SUMMER
,Customer 8,Item8,Grocery,3,35.4,106.2,South,2026-03-12,SUMMER
ORD0009,Customer 9,Item9,Electronics,2,166.58,333.16,North,2026-03-20,
ORD0010,Customer 10,Item10,Grocery,4,151.44,605.76,West,2026-03-25,SUMMER
ORD0011,Customer 11,Item11,Toys,6,142.35,854.1,East,2026-03-10,SUMMER
ORD0012,Customer 12,Item12,Apparel,4,239.34,957.36,North,2026-03-19,
ORD0013,Customer 13,Item13,Home,5,159.93,799.65,West,2026-03-10,SUMMER
ORD0014,Customer 14,Item14,Toys,2,39.83,79.66,South,2026-03-25,SUMMER
ORD0015,Customer 15,Item15,Toys,6,49.84,299.04,West,2026-03-02,
ORD0016,Customer 16,Item16,Grocery,2,230.55,461.1,East,2026-03-11,SUMMER
ORD0017,Customer 17,Item17,Grocery,6,180.34,1082.04,West,2026-03-03,SUMMER
ORD0018,Customer 18,Item18,Toys,2,283.68,567.36,North,2026-03-02,
ORD0019,Customer 19,Item19,Toys,5,195.9,979.5,East,2026-03-23,SUMMER
ORD0020,Customer 20,Item20,Home,7,266.68,1866.76,North,2026-03-15,SUMMER
ORD0021,Customer 21,Item21,Electronics,6,54.57,327.42,West,2026-03-02,
ORD0022,Customer 22,Item22,Apparel,4,231.63,926.52,South,2026-03-13,SUMMER
ORD0023,Customer 23,Item23,Toys,7,275.46,1928.22,North,2026-03-06,SUMMER
ORD0024,Customer 24,Item24,Home,8,123.49,987.92,South,2026-03-27,
ORD0025,Customer 25,Item25,Home,7,259.88,1819.16,West,2026-03-12,SUMMER
ORD0026,Customer 26,Item26,Apparel,7,287.53,2012.71,North,2026-03-06,SUMMER
ORD0027,Customer 27,Item27,Apparel,3,73.43,220.29,North,2026-03-16,
ORD0028,Customer 28,Item28,Electronics,3,82.51,247.53,South,2026-03-14,SUMMER
ORD0029,Customer 29,Item29,Home,6,184.89,1109.34,South,2026-03-23,SUMMER
ORD0030,Customer 30,Item30,Grocery,1,139.71,139.71,West,2026-03-13,
ORD0001,Customer 1,Item1,Toys,6,284.62,1707.72,North,2026-03-03,SUMMER
ORD0006,Customer 6,Item6,Apparel,1,169.22,169.22,East,2026-03-14,
ORD0011,Customer 11,Item11,Toys,6,142.35,854.1,East,2026-03-10,SUMMER
